{"cameraMode":{"drawMode":0,"name":"Shaded","section":"Shading Mode"},"sceneLighting":false,"audioPlay":false,"sceneViewState":{"showFog":true,"showMaterialUpdate":true,"showSkybox":false,"showFlares":true,"showImageEffects":true,"showParticleSystems":true},"in2DMode":false,"pivot":{"x":14.169815063476563,"y":-79.43853759765625,"z":144.47994995117188},"rotation":{"x":-0.25591254234313967,"y":-0.027815798297524453,"z":0.007362104021012783,"w":-0.9662838578224182},"size":95.73468780517578,"orthographic":false}