{"cameraMode":{"drawMode":0,"name":"Shaded","section":"Shading Mode"},"sceneLighting":false,"audioPlay":false,"sceneViewState":{"showFog":true,"showMaterialUpdate":true,"showSkybox":false,"showFlares":true,"showImageEffects":true,"showParticleSystems":true},"in2DMode":false,"pivot":{"x":-2.386791706085205,"y":-18.12109375,"z":18.2080078125},"rotation":{"x":0.6942760348320007,"y":-0.0010747119085863233,"z":0.0010466865496709943,"w":0.7197316884994507},"size":27.9164981842041,"orthographic":true}