{"cameraMode":{"drawMode":0,"name":"Shaded","section":"Shading Mode"},"sceneLighting":false,"audioPlay":false,"sceneViewState":{"showFog":true,"showMaterialUpdate":true,"showSkybox":false,"showFlares":true,"showImageEffects":true,"showParticleSystems":true},"in2DMode":false,"pivot":{"x":552.4872436523438,"y":297.26953125,"z":119.012939453125},"rotation":{"x":-0.0098984120413661,"y":-0.0005926970043219626,"z":0.000008091453310044017,"w":-0.9999580383300781},"size":476.9408264160156,"orthographic":false}