{"cameraMode":{"drawMode":0,"name":"Shaded","section":"Shading Mode"},"sceneLighting":false,"audioPlay":false,"sceneViewState":{"showFog":true,"showMaterialUpdate":true,"showSkybox":false,"showFlares":true,"showImageEffects":true,"showParticleSystems":true},"in2DMode":false,"pivot":{"x":33.689537048339847,"y":-10.203125,"z":22.54248046875},"rotation":{"x":0.6942712068557739,"y":0.000003971686965087429,"z":0.0000042998917706427168,"w":0.7197251915931702},"size":15.743035316467286,"orthographic":true}