{"cameraMode":{"drawMode":0,"name":"Shaded","section":"Shading Mode"},"sceneLighting":false,"audioPlay":false,"sceneViewState":{"showFog":true,"showMaterialUpdate":true,"showSkybox":false,"showFlares":true,"showImageEffects":true,"showParticleSystems":true},"in2DMode":false,"pivot":{"x":-22.78662109375,"y":18.8046875,"z":58.67578125},"rotation":{"x":-0.41538915038108828,"y":0.013102038763463498,"z":-0.006020230241119862,"w":-0.9095804691314697},"size":27.402299880981447,"orthographic":true}