{"cameraMode":{"drawMode":0,"name":"Shaded","section":"Shading Mode"},"sceneLighting":false,"audioPlay":false,"sceneViewState":{"showFog":true,"showMaterialUpdate":true,"showSkybox":false,"showFlares":true,"showImageEffects":true,"showParticleSystems":true},"in2DMode":false,"pivot":{"x":6.116211891174316,"y":27.20293426513672,"z":80.30265808105469},"rotation":{"x":0.5374830961227417,"y":-0.03160620480775833,"z":0.02016516402363777,"w":0.8424407839775086},"size":3.8162710666656496,"orthographic":false}