{"cameraMode":{"drawMode":0,"name":"Shaded","section":"Shading Mode"},"sceneLighting":false,"audioPlay":false,"sceneViewState":{"showFog":true,"showMaterialUpdate":true,"showSkybox":false,"showFlares":true,"showImageEffects":true,"showParticleSystems":true},"in2DMode":false,"pivot":{"x":21.015064239501954,"y":-24.92340850830078,"z":84.20612335205078},"rotation":{"x":0.1667950302362442,"y":0.12241172790527344,"z":-0.02087380178272724,"w":0.9781409502029419},"size":59.909202575683597,"orthographic":false}