{"cameraMode":{"drawMode":0,"name":"Shaded","section":"Shading Mode"},"sceneLighting":false,"audioPlay":false,"sceneViewState":{"showFog":true,"showMaterialUpdate":true,"showSkybox":false,"showFlares":true,"showImageEffects":true,"showParticleSystems":true},"in2DMode":false,"pivot":{"x":1.4596633911132813,"y":1.96875,"z":22.45849609375},"rotation":{"x":0.7314614057540894,"y":0.00613638898357749,"z":-0.006583745125681162,"w":0.6818315982818604},"size":34.34212875366211,"orthographic":true}