{"cameraMode":{"drawMode":0,"name":"Shaded","section":"Shading Mode"},"sceneLighting":false,"audioPlay":false,"sceneViewState":{"showFog":true,"showMaterialUpdate":true,"showSkybox":false,"showFlares":true,"showImageEffects":true,"showParticleSystems":true},"in2DMode":false,"pivot":{"x":-10.91598892211914,"y":-5.390625,"z":35.748291015625},"rotation":{"x":0.7011385560035706,"y":0.003210345283150673,"z":-0.003153475932776928,"w":0.7130151391029358},"size":29.80374526977539,"orthographic":true}