{"cameraMode":{"drawMode":0,"name":"Shaded","section":"Shading Mode"},"sceneLighting":false,"audioPlay":false,"sceneViewState":{"showFog":true,"showMaterialUpdate":true,"showSkybox":false,"showFlares":true,"showImageEffects":true,"showParticleSystems":true},"in2DMode":false,"pivot":{"x":-11.147026062011719,"y":-2.990234375,"z":17.058197021484376},"rotation":{"x":-0.7134460210800171,"y":0.0016888397512957454,"z":-0.001715461490675807,"w":-0.7007177472114563},"size":21.21101951599121,"orthographic":true}