{"cameraMode":{"drawMode":0,"name":"Shaded","section":"Shading Mode"},"sceneLighting":false,"audioPlay":false,"sceneViewState":{"showFog":true,"showMaterialUpdate":true,"showSkybox":false,"showFlares":true,"showImageEffects":true,"showParticleSystems":true},"in2DMode":false,"pivot":{"x":-7.358551979064941,"y":1.7581120729446412,"z":100.62294006347656},"rotation":{"x":0.07582439482212067,"y":-0.004486941732466221,"z":0.00034135536407120526,"w":0.9971112608909607},"size":3.580643653869629,"orthographic":false}