{"cameraMode":{"drawMode":0,"name":"Shaded","section":"Shading Mode"},"sceneLighting":false,"audioPlay":false,"sceneViewState":{"showFog":true,"showMaterialUpdate":true,"showSkybox":false,"showFlares":true,"showImageEffects":true,"showParticleSystems":true},"in2DMode":false,"pivot":{"x":668.7838134765625,"y":278.47821044921877,"z":60.07037353515625},"rotation":{"x":0.06533950567245484,"y":0.019457193091511728,"z":-0.0012740668607875705,"w":0.9976752996444702},"size":418.8555908203125,"orthographic":false}