{"cameraMode":{"drawMode":0,"name":"Shaded","section":"Shading Mode"},"sceneLighting":false,"audioPlay":false,"sceneViewState":{"showFog":true,"showMaterialUpdate":true,"showSkybox":false,"showFlares":true,"showImageEffects":true,"showParticleSystems":true},"in2DMode":false,"pivot":{"x":525.5407104492188,"y":366.7914733886719,"z":33.89306640625},"rotation":{"x":-0.03359444811940193,"y":-0.007495685946196318,"z":-0.00025176251074299216,"w":0.9994096755981445},"size":371.5331115722656,"orthographic":false}