{"cameraMode":{"drawMode":0,"name":"Shaded","section":"Shading Mode"},"sceneLighting":false,"audioPlay":false,"sceneViewState":{"showFog":true,"showMaterialUpdate":true,"showSkybox":false,"showFlares":true,"showImageEffects":true,"showParticleSystems":true},"in2DMode":false,"pivot":{"x":-71.19576263427735,"y":-44.76990509033203,"z":133.626708984375},"rotation":{"x":0.2962549030780792,"y":-0.33284831047058108,"z":0.11100415140390396,"w":0.8883264064788818},"size":94.94163513183594,"orthographic":false}